Currency,Asks MEXC,Bids MEXC,Asks GateIo,Bids GateIo,Asks HUOBI,Bids HUOBI,Asks Ascendex,Bids Ascendex,diff,diff,diff,diff,diff,diff
BCH,u,u,488.88,488.64,489.07,488.6,489.01,487.74,MEXC/GateIo: unavailable,MEXC/HUOBI: unavailable,MEXC/Ascendex: unavailable,Ask:HUOBI/Bid:GateIo: 0.087%,Ask:GateIo/Bid:Ascendex: 0.233%,Ask:HUOBI/Bid:Ascendex: 0.272%
ONT,u,u,0.3169,0.3165,0.3172,0.3169,0.3179,0.3172,MEXC/GateIo: unavailable,MEXC/HUOBI: unavailable,MEXC/Ascendex: unavailable,Ask:HUOBI/Bid:GateIo: 0.221%,Ask:Ascendex/Bid:GateIo: 0.442%,Ask:Ascendex/Bid:HUOBI: 0.315%
MANA,u,u,0.4714,0.4709,0.4709,0.4704,0.472,0.469,MEXC/GateIo: unavailable,MEXC/HUOBI: unavailable,MEXC/Ascendex: unavailable,Ask:GateIo/Bid:HUOBI: 0.212%,Ask:GateIo/Bid:Ascendex: 0.511%,Ask:HUOBI/Bid:Ascendex: 0.405%
CRO,0.1214,0.12139,0.12154,0.1213,u,u,0.12116,0.11994,Ask:GateIo/Bid:MEXC: 0.123%,MEXC/HUOBI: unavailable,Ask:MEXC/Bid:Ascendex: 1.217%,GateIo/HUOBI: unavailable,Ask:GateIo/Bid:Ascendex: 1.334%,HUOBI/Ascendex: unavailable
TRX,0.11197,0.11196,0.11198,0.11197,0.112013,0.112012,0.11218,0.11199,Ask:GateIo/Bid:MEXC: 0.017%,Ask:HUOBI/Bid:MEXC: 0.047%,Ask:Ascendex/Bid:MEXC: 0.196%,Ask:HUOBI/Bid:GateIo: 0.038%,Ask:Ascendex/Bid:GateIo: 0.187%,Ask:Ascendex/Bid:HUOBI: 0.149%
XMR,143.69,143.68,143.7,143.54,143.61,143.37,u,u,Ask:MEXC/Bid:GateIo: 0.104%,Ask:MEXC/Bid:HUOBI: 0.223%,MEXC/Ascendex: unavailable,Ask:GateIo/Bid:HUOBI: 0.230%,GateIo/Ascendex: unavailable,HUOBI/Ascendex: unavailable
MRS,u,u,u,u,1.7768,1.7282,u,u,MEXC/GateIo: unavailable,MEXC/HUOBI: unavailable,MEXC/Ascendex: unavailable,GateIo/HUOBI: unavailable,GateIo/Ascendex: unavailable,HUOBI/Ascendex: unavailable
DKA,u,u,0.0296,0.02933,0.030138,0.029548,u,u,MEXC/GateIo: unavailable,MEXC/HUOBI: unavailable,MEXC/Ascendex: unavailable,Ask:HUOBI/Bid:GateIo: 2.754%,GateIo/Ascendex: unavailable,HUOBI/Ascendex: unavailable
DHX,u,u,0.04423,0.04367,u,u,u,u,MEXC/GateIo: unavailable,MEXC/HUOBI: unavailable,MEXC/Ascendex: unavailable,GateIo/HUOBI: unavailable,GateIo/Ascendex: unavailable,HUOBI/Ascendex: unavailable
BTG,u,u,34.36,34.18,u,u,u,u,MEXC/GateIo: unavailable,MEXC/HUOBI: unavailable,MEXC/Ascendex: unavailable,GateIo/HUOBI: unavailable,GateIo/Ascendex: unavailable,HUOBI/Ascendex: unavailable
WEMIX,u,u,1.4003,1.3994,1.4073,1.3963,u,u,MEXC/GateIo: unavailable,MEXC/HUOBI: unavailable,MEXC/Ascendex: unavailable,Ask:HUOBI/Bid:GateIo: 0.564%,GateIo/Ascendex: unavailable,HUOBI/Ascendex: unavailable
AGIX,0.9604,0.9603,0.9597,0.9596,0.9604,0.9599,0.9657,0.9545,Ask:MEXC/Bid:GateIo: 0.083%,Ask:MEXC/Bid:HUOBI: 0.052%,Ask:MEXC/Bid:Ascendex: 0.618%,Ask:HUOBI/Bid:GateIo: 0.083%,Ask:Ascendex/Bid:GateIo: 0.635%,Ask:HUOBI/Bid:Ascendex: 0.618%
ETC,31.849,31.848,31.842,31.836,31.8484,31.8236,31.8775,31.8198,Ask:MEXC/Bid:GateIo: 0.040%,Ask:MEXC/Bid:HUOBI: 0.079%,Ask:Ascendex/Bid:MEXC: 0.092%,Ask:GateIo/Bid:HUOBI: 0.057%,Ask:Ascendex/Bid:GateIo: 0.130%,Ask:Ascendex/Bid:HUOBI: 0.169%
COMBO,u,u,0.7074,0.7045,u,u,u,u,MEXC/GateIo: unavailable,MEXC/HUOBI: unavailable,MEXC/Ascendex: unavailable,GateIo/HUOBI: unavailable,GateIo/Ascendex: unavailable,HUOBI/Ascendex: unavailable
KDA,u,u,0.8537,0.8519,u,u,u,u,MEXC/GateIo: unavailable,MEXC/HUOBI: unavailable,MEXC/Ascendex: unavailable,GateIo/HUOBI: unavailable,GateIo/Ascendex: unavailable,HUOBI/Ascendex: unavailable
BONE,u,u,u,u,0.694,0.6851,u,u,MEXC/GateIo: unavailable,MEXC/HUOBI: unavailable,MEXC/Ascendex: unavailable,GateIo/HUOBI: unavailable,GateIo/Ascendex: unavailable,HUOBI/Ascendex: unavailable
VGX,u,u,u,u,u,u,u,u,MEXC/GateIo: unavailable,MEXC/HUOBI: unavailable,MEXC/Ascendex: unavailable,GateIo/HUOBI: unavailable,GateIo/Ascendex: unavailable,HUOBI/Ascendex: unavailable
DFI,u,u,u,u,0.063,0.0621,u,u,MEXC/GateIo: unavailable,MEXC/HUOBI: unavailable,MEXC/Ascendex: unavailable,GateIo/HUOBI: unavailable,GateIo/Ascendex: unavailable,HUOBI/Ascendex: unavailable
VET,u,u,0.03664,0.0366,0.036638,0.036603,0.036681,0.036582,MEXC/GateIo: unavailable,MEXC/HUOBI: unavailable,MEXC/Ascendex: unavailable,Ask:HUOBI/Bid:GateIo: 0.103%,Ask:Ascendex/Bid:GateIo: 0.221%,Ask:Ascendex/Bid:HUOBI: 0.213%
LSK,u,u,u,u,1.6607,1.6453,u,u,MEXC/GateIo: unavailable,MEXC/HUOBI: unavailable,MEXC/Ascendex: unavailable,GateIo/HUOBI: unavailable,GateIo/Ascendex: unavailable,HUOBI/Ascendex: unavailable
LOCUS,u,u,u,u,u,u,u,u,MEXC/GateIo: unavailable,MEXC/HUOBI: unavailable,MEXC/Ascendex: unavailable,GateIo/HUOBI: unavailable,GateIo/Ascendex: unavailable,HUOBI/Ascendex: unavailable
RON,u,u,3.222,3.217,u,u,u,u,MEXC/GateIo: unavailable,MEXC/HUOBI: unavailable,MEXC/Ascendex: unavailable,GateIo/HUOBI: unavailable,GateIo/Ascendex: unavailable,HUOBI/Ascendex: unavailable
BSV,u,u,63.49,63.44,63.4974,63.4436,63.26,60.53,MEXC/GateIo: unavailable,MEXC/HUOBI: unavailable,MEXC/Ascendex: unavailable,Ask:HUOBI/Bid:GateIo: 0.090%,Ask:GateIo/Bid:Ascendex: 4.890%,Ask:HUOBI/Bid:Ascendex: 4.902%
SOL,170.368,170.367,170.28,170.26,170.2724,170.2414,170.4699,170.155,Ask:MEXC/Bid:GateIo: 0.063%,Ask:MEXC/Bid:HUOBI: 0.074%,Ask:MEXC/Bid:Ascendex: 0.125%,Ask:GateIo/Bid:HUOBI: 0.022%,Ask:Ascendex/Bid:GateIo: 0.123%,Ask:Ascendex/Bid:HUOBI: 0.134%
UNI,u,u,11.118,11.116,11.1175,11.1051,11.111,11.09,MEXC/GateIo: unavailable,MEXC/HUOBI: unavailable,MEXC/Ascendex: unavailable,Ask:GateIo/Bid:HUOBI: 0.116%,Ask:GateIo/Bid:Ascendex: 0.252%,Ask:HUOBI/Bid:Ascendex: 0.247%
WAVES,u,u,2.479,2.477,2.4782,2.4764,2.494,2.464,MEXC/GateIo: unavailable,MEXC/HUOBI: unavailable,MEXC/Ascendex: unavailable,Ask:GateIo/Bid:HUOBI: 0.104%,Ask:Ascendex/Bid:GateIo: 0.686%,Ask:Ascendex/Bid:HUOBI: 0.710%
MTL,u,u,1.9152,1.9115,1.9131,1.9108,unavailable,unavailable,MEXC/GateIo: unavailable,MEXC/HUOBI: unavailable,MEXC/Ascendex: unavailable,Ask:GateIo/Bid:HUOBI: 0.230%,GateIo/Ascendex: unavailable,HUOBI/Ascendex: unavailable
XRP,u,u,0.53426,0.53421,0.53432,0.53415,0.53398,0.53336,MEXC/GateIo: unavailable,MEXC/HUOBI: unavailable,MEXC/Ascendex: unavailable,Ask:HUOBI/Bid:GateIo: 0.020%,Ask:GateIo/Bid:Ascendex: 0.168%,Ask:HUOBI/Bid:Ascendex: 0.179%
XVS,u,u,u,u,u,u,u,u,MEXC/GateIo: unavailable,MEXC/HUOBI: unavailable,MEXC/Ascendex: unavailable,GateIo/HUOBI: unavailable,GateIo/Ascendex: unavailable,HUOBI/Ascendex: unavailable
SHIB,2.5518e-05,2.5517e-05,0.00002553,0.00002551,2.552e-05,2.551e-05,0.00002554,0.00002536,Ask:GateIo/Bid:MEXC: 0.050%,Ask:MEXC/Bid:HUOBI: 0.031%,Ask:MEXC/Bid:Ascendex: 0.623%,Ask:GateIo/Bid:HUOBI: 0.078%,Ask:GateIo/Bid:Ascendex: 0.670%,Ask:HUOBI/Bid:Ascendex: 0.630%
STRD,u,u,u,u,u,u,u,u,MEXC/GateIo: unavailable,MEXC/HUOBI: unavailable,MEXC/Ascendex: unavailable,GateIo/HUOBI: unavailable,GateIo/Ascendex: unavailable,HUOBI/Ascendex: unavailable
CEL,u,u,1.1734,1.1729,u,u,u,u,MEXC/GateIo: unavailable,MEXC/HUOBI: unavailable,MEXC/Ascendex: unavailable,GateIo/HUOBI: unavailable,GateIo/Ascendex: unavailable,HUOBI/Ascendex: unavailable
WRX,u,u,0.2242,0.2235,u,u,u,u,MEXC/GateIo: unavailable,MEXC/HUOBI: unavailable,MEXC/Ascendex: unavailable,GateIo/HUOBI: unavailable,GateIo/Ascendex: unavailable,HUOBI/Ascendex: unavailable
OCEAN,u,u,0.9627,0.9623,0.9638,0.962,u,u,MEXC/GateIo: unavailable,MEXC/HUOBI: unavailable,MEXC/Ascendex: unavailable,Ask:HUOBI/Bid:GateIo: 0.155%,GateIo/Ascendex: unavailable,HUOBI/Ascendex: unavailable
LQTY,u,u,1.1624,1.1609,1.1621,1.1606,u,u,MEXC/GateIo: unavailable,MEXC/HUOBI: unavailable,MEXC/Ascendex: unavailable,Ask:GateIo/Bid:HUOBI: 0.155%,GateIo/Ascendex: unavailable,HUOBI/Ascendex: unavailable
PYR,u,u,4.49,4.481,4.4916,4.4613,u,u,MEXC/GateIo: unavailable,MEXC/HUOBI: unavailable,MEXC/Ascendex: unavailable,Ask:GateIo/Bid:HUOBI: 0.643%,GateIo/Ascendex: unavailable,HUOBI/Ascendex: unavailable
NEST,u,u,0.002603,0.002585,0.00259,0.002546,u,u,MEXC/GateIo: unavailable,MEXC/HUOBI: unavailable,MEXC/Ascendex: unavailable,Ask:GateIo/Bid:HUOBI: 2.238%,GateIo/Ascendex: unavailable,HUOBI/Ascendex: unavailable
LUNA,unavailable,unavailable,0.6106,0.6103,0.6108,0.6101,u,u,MEXC/GateIo: unavailable,MEXC/HUOBI: unavailable,MEXC/Ascendex: unavailable,Ask:HUOBI/Bid:GateIo: 0.081%,GateIo/Ascendex: unavailable,HUOBI/Ascendex: unavailable
KUB,u,u,1.9788,1.9622,u,u,u,u,MEXC/GateIo: unavailable,MEXC/HUOBI: unavailable,MEXC/Ascendex: unavailable,GateIo/HUOBI: unavailable,GateIo/Ascendex: unavailable,HUOBI/Ascendex: unavailable
OKB,u,u,48.2,48.13,u,u,u,u,MEXC/GateIo: unavailable,MEXC/HUOBI: unavailable,MEXC/Ascendex: unavailable,GateIo/HUOBI: unavailable,GateIo/Ascendex: unavailable,HUOBI/Ascendex: unavailable
DCR,u,u,21.335,21.273,21.4082,21.0466,u,u,MEXC/GateIo: unavailable,MEXC/HUOBI: unavailable,MEXC/Ascendex: unavailable,Ask:GateIo/Bid:HUOBI: 1.370%,GateIo/Ascendex: unavailable,HUOBI/Ascendex: unavailable
RVN,u,u,u,u,0.030698,0.030662,0.030717,0.03064,MEXC/GateIo: unavailable,MEXC/HUOBI: unavailable,MEXC/Ascendex: unavailable,GateIo/HUOBI: unavailable,GateIo/Ascendex: unavailable,Ask:HUOBI/Bid:Ascendex: 0.189%
1INCH,u,u,0.4231,0.4227,0.423054,0.422787,0.4231,0.4224,MEXC/GateIo: unavailable,MEXC/HUOBI: unavailable,MEXC/Ascendex: unavailable,Ask:HUOBI/Bid:GateIo: 0.083%,Ask:GateIo/Bid:Ascendex: 0.165%,Ask:HUOBI/Bid:Ascendex: 0.154%
STX,u,u,2.072,2.071,u,u,u,u,MEXC/GateIo: unavailable,MEXC/HUOBI: unavailable,MEXC/Ascendex: unavailable,GateIo/HUOBI: unavailable,GateIo/Ascendex: unavailable,HUOBI/Ascendex: unavailable
RUNE,u,u,6.915,6.912,6.9153,6.9122,6.967,5.95,MEXC/GateIo: unavailable,MEXC/HUOBI: unavailable,MEXC/Ascendex: unavailable,Ask:HUOBI/Bid:GateIo: 0.047%,Ask:GateIo/Bid:Ascendex: 16.21%,Ask:HUOBI/Bid:Ascendex: 16.22%
ZEN,u,u,9.764,9.756,9.8713,9.7891,u,u,MEXC/GateIo: unavailable,MEXC/HUOBI: unavailable,MEXC/Ascendex: unavailable,Ask:HUOBI/Bid:GateIo: 1.181%,GateIo/Ascendex: unavailable,HUOBI/Ascendex: unavailable
FTM,u,u,0.8264,0.8263,0.8268,0.8262,0.828122,0.826274,MEXC/GateIo: unavailable,MEXC/HUOBI: unavailable,MEXC/Ascendex: unavailable,Ask:HUOBI/Bid:GateIo: 0.060%,Ask:Ascendex/Bid:GateIo: 0.220%,Ask:Ascendex/Bid:HUOBI: 0.232%
ROSE,u,u,0.09322,0.09312,u,u,u,u,MEXC/GateIo: unavailable,MEXC/HUOBI: unavailable,MEXC/Ascendex: unavailable,GateIo/HUOBI: unavailable,GateIo/Ascendex: unavailable,HUOBI/Ascendex: unavailable
CORE,u,u,2.2207,2.2182,2.222109,2.218261,u,u,MEXC/GateIo: unavailable,MEXC/HUOBI: unavailable,MEXC/Ascendex: unavailable,Ask:HUOBI/Bid:GateIo: 0.176%,GateIo/Ascendex: unavailable,HUOBI/Ascendex: unavailable
DYDX,u,u,2.083,2.082,2.0853,2.0831,2.095,2.07,MEXC/GateIo: unavailable,MEXC/HUOBI: unavailable,MEXC/Ascendex: unavailable,Ask:HUOBI/Bid:GateIo: 0.158%,Ask:Ascendex/Bid:GateIo: 0.624%,Ask:HUOBI/Bid:Ascendex: 0.739%
CVX,u,u,2.89,2.879,2.8792,2.8503,2.904,2.867,MEXC/GateIo: unavailable,MEXC/HUOBI: unavailable,MEXC/Ascendex: unavailable,Ask:GateIo/Bid:HUOBI: 1.392%,Ask:Ascendex/Bid:GateIo: 0.868%,Ask:Ascendex/Bid:HUOBI: 1.884%
BORA,u,u,u,u,u,u,u,u,MEXC/GateIo: unavailable,MEXC/HUOBI: unavailable,MEXC/Ascendex: unavailable,GateIo/HUOBI: unavailable,GateIo/Ascendex: unavailable,HUOBI/Ascendex: unavailable
BRISE,u,u,0.00000015834,0.00000015809,1.588e-07,1.565e-07,0.00000015721,0.00000015579,MEXC/GateIo: unavailable,MEXC/HUOBI: unavailable,MEXC/Ascendex: unavailable,Ask:GateIo/Bid:HUOBI: 1.175%,Ask:GateIo/Bid:Ascendex: 1.636%,Ask:HUOBI/Bid:Ascendex: 1.932%
ZEC,u,u,u,u,27.1,27.06,27.03,26.95,MEXC/GateIo: unavailable,MEXC/HUOBI: unavailable,MEXC/Ascendex: unavailable,GateIo/HUOBI: unavailable,GateIo/Ascendex: unavailable,Ask:HUOBI/Bid:Ascendex: 0.556%
XAUT,u,u,2356.2,2354.9,2355.39,2352.05,u,u,MEXC/GateIo: unavailable,MEXC/HUOBI: unavailable,MEXC/Ascendex: unavailable,Ask:GateIo/Bid:HUOBI: 0.176%,GateIo/Ascendex: unavailable,HUOBI/Ascendex: unavailable
APE,u,u,1.3426,1.3413,1.3444,1.3434,1.35474,1.33231,MEXC/GateIo: unavailable,MEXC/HUOBI: unavailable,MEXC/Ascendex: unavailable,Ask:HUOBI/Bid:GateIo: 0.231%,Ask:Ascendex/Bid:GateIo: 1.002%,Ask:HUOBI/Bid:Ascendex: 0.907%
STG,u,u,u,u,0.5178,0.5157,u,u,MEXC/GateIo: unavailable,MEXC/HUOBI: unavailable,MEXC/Ascendex: unavailable,GateIo/HUOBI: unavailable,GateIo/Ascendex: unavailable,HUOBI/Ascendex: unavailable
SSV,u,u,u,u,46.1085,45.9707,46.16,45.65,MEXC/GateIo: unavailable,MEXC/HUOBI: unavailable,MEXC/Ascendex: unavailable,GateIo/HUOBI: unavailable,GateIo/Ascendex: unavailable,Ask:HUOBI/Bid:Ascendex: 1.004%
FIL,u,u,6.114,6.112,6.1147,6.1126,6.133,6.12,MEXC/GateIo: unavailable,MEXC/HUOBI: unavailable,MEXC/Ascendex: unavailable,Ask:HUOBI/Bid:GateIo: 0.044%,Ask:Ascendex/Bid:GateIo: 0.343%,Ask:Ascendex/Bid:HUOBI: 0.333%
RPL,u,u,23.98,23.933,24.0099,23.8124,24.15,23.81,MEXC/GateIo: unavailable,MEXC/HUOBI: unavailable,MEXC/Ascendex: unavailable,Ask:GateIo/Bid:HUOBI: 0.703%,Ask:Ascendex/Bid:GateIo: 0.906%,Ask:Ascendex/Bid:HUOBI: 1.417%
C98,u,u,u,u,0.2665,0.2656,0.267,0.264,MEXC/GateIo: unavailable,MEXC/HUOBI: unavailable,MEXC/Ascendex: unavailable,GateIo/HUOBI: unavailable,GateIo/Ascendex: unavailable,Ask:HUOBI/Bid:Ascendex: 0.946%
CHSB,u,u,u,u,u,u,u,u,MEXC/GateIo: unavailable,MEXC/HUOBI: unavailable,MEXC/Ascendex: unavailable,GateIo/HUOBI: unavailable,GateIo/Ascendex: unavailable,HUOBI/Ascendex: unavailable
KWENTA,u,u,u,u,u,u,u,u,MEXC/GateIo: unavailable,MEXC/HUOBI: unavailable,MEXC/Ascendex: unavailable,GateIo/HUOBI: unavailable,GateIo/Ascendex: unavailable,HUOBI/Ascendex: unavailable
AZERO,u,u,0.8152,0.813,0.8167,0.8127,u,u,MEXC/GateIo: unavailable,MEXC/HUOBI: unavailable,MEXC/Ascendex: unavailable,Ask:HUOBI/Bid:GateIo: 0.455%,GateIo/Ascendex: unavailable,HUOBI/Ascendex: unavailable
STEEM,u,u,0.2828,0.282,0.2824,0.282,u,u,MEXC/GateIo: unavailable,MEXC/HUOBI: unavailable,MEXC/Ascendex: unavailable,Ask:GateIo/Bid:HUOBI: 0.283%,GateIo/Ascendex: unavailable,HUOBI/Ascendex: unavailable
ASD,u,u,0.05209,0.05144,u,u,0.052,0.051,MEXC/GateIo: unavailable,MEXC/HUOBI: unavailable,MEXC/Ascendex: unavailable,GateIo/HUOBI: unavailable,Ask:GateIo/Bid:Ascendex: 2.137%,HUOBI/Ascendex: unavailable
LINK,18.721,18.72,18.706,18.704,18.7176,18.7024,18.6943,18.6405,Ask:MEXC/Bid:GateIo: 0.090%,Ask:MEXC/Bid:HUOBI: 0.099%,Ask:MEXC/Bid:Ascendex: 0.431%,Ask:HUOBI/Bid:GateIo: 0.072%,Ask:GateIo/Bid:Ascendex: 0.351%,Ask:HUOBI/Bid:Ascendex: 0.413%
THETA,u,u,2.3598,2.3582,2.3606,2.3593,u,u,MEXC/GateIo: unavailable,MEXC/HUOBI: unavailable,MEXC/Ascendex: unavailable,Ask:HUOBI/Bid:GateIo: 0.101%,GateIo/Ascendex: unavailable,HUOBI/Ascendex: unavailable
ADA,0.4661,0.466,0.4658,0.4657,0.465919,0.465659,0.46559,0.46445,Ask:MEXC/Bid:GateIo: 0.085%,Ask:MEXC/Bid:HUOBI: 0.094%,Ask:MEXC/Bid:Ascendex: 0.355%,Ask:HUOBI/Bid:GateIo: 0.047%,Ask:GateIo/Bid:Ascendex: 0.290%,Ask:HUOBI/Bid:Ascendex: 0.316%
LN,u,u,u,u,u,u,u,u,MEXC/GateIo: unavailable,MEXC/HUOBI: unavailable,MEXC/Ascendex: unavailable,GateIo/HUOBI: unavailable,GateIo/Ascendex: unavailable,HUOBI/Ascendex: unavailable
BAND,u,u,1.7979,1.7945,1.7963,1.7951,1.807,1.784,MEXC/GateIo: unavailable,MEXC/HUOBI: unavailable,MEXC/Ascendex: unavailable,Ask:GateIo/Bid:HUOBI: 0.155%,Ask:GateIo/Bid:Ascendex: 0.779%,Ask:HUOBI/Bid:Ascendex: 0.689%
EGLD,u,u,40.11,40.04,40.0985,40.0251,40.08,39.99,MEXC/GateIo: unavailable,MEXC/HUOBI: unavailable,MEXC/Ascendex: unavailable,Ask:GateIo/Bid:HUOBI: 0.212%,Ask:GateIo/Bid:Ascendex: 0.300%,Ask:HUOBI/Bid:Ascendex: 0.271%
ORBS,u,u,u,u,0.034715,0.034649,u,u,MEXC/GateIo: unavailable,MEXC/HUOBI: unavailable,MEXC/Ascendex: unavailable,GateIo/HUOBI: unavailable,GateIo/Ascendex: unavailable,HUOBI/Ascendex: unavailable
TEL,u,u,u,u,u,u,u,u,MEXC/GateIo: unavailable,MEXC/HUOBI: unavailable,MEXC/Ascendex: unavailable,GateIo/HUOBI: unavailable,GateIo/Ascendex: unavailable,HUOBI/Ascendex: unavailable
EOS,u,u,0.8418,0.8417,0.8426,0.8416,0.8419,0.8397,MEXC/GateIo: unavailable,MEXC/HUOBI: unavailable,MEXC/Ascendex: unavailable,Ask:HUOBI/Bid:GateIo: 0.106%,Ask:GateIo/Bid:Ascendex: 0.250%,Ask:HUOBI/Bid:Ascendex: 0.345%
TRIBE,u,u,0.5202,0.5152,u,u,unavailable,unavailable,MEXC/GateIo: unavailable,MEXC/HUOBI: unavailable,MEXC/Ascendex: unavailable,GateIo/HUOBI: unavailable,GateIo/Ascendex: unavailable,HUOBI/Ascendex: unavailable
INJ,u,u,25.81,25.8,25.9525,25.8451,25.969,25.661,MEXC/GateIo: unavailable,MEXC/HUOBI: unavailable,MEXC/Ascendex: unavailable,Ask:HUOBI/Bid:GateIo: 0.591%,Ask:Ascendex/Bid:GateIo: 0.655%,Ask:HUOBI/Bid:Ascendex: 1.135%
AVAX,u,u,38.15,38.14,38.1486,38.1359,38.37,37.92,MEXC/GateIo: unavailable,MEXC/HUOBI: unavailable,MEXC/Ascendex: unavailable,Ask:GateIo/Bid:HUOBI: 0.036%,Ask:Ascendex/Bid:GateIo: 0.603%,Ask:Ascendex/Bid:HUOBI: 0.613%
FLR,u,u,0.02791,0.0279,0.028,0.0279,u,u,MEXC/GateIo: unavailable,MEXC/HUOBI: unavailable,MEXC/Ascendex: unavailable,Ask:HUOBI/Bid:GateIo: 0.358%,GateIo/Ascendex: unavailable,HUOBI/Ascendex: unavailable
PROM,u,u,11.153,11.112,11.1444,11.1087,11.692,2.02,MEXC/GateIo: unavailable,MEXC/HUOBI: unavailable,MEXC/Ascendex: unavailable,Ask:GateIo/Bid:HUOBI: 0.398%,Ask:GateIo/Bid:Ascendex: 452.1%,Ask:HUOBI/Bid:Ascendex: 451.7%
TONCOIN,u,u,u,u,u,u,u,u,MEXC/GateIo: unavailable,MEXC/HUOBI: unavailable,MEXC/Ascendex: unavailable,GateIo/HUOBI: unavailable,GateIo/Ascendex: unavailable,HUOBI/Ascendex: unavailable
ICP,u,u,12.331,12.329,12.34,12.33,u,u,MEXC/GateIo: unavailable,MEXC/HUOBI: unavailable,MEXC/Ascendex: unavailable,Ask:HUOBI/Bid:GateIo: 0.089%,GateIo/Ascendex: unavailable,HUOBI/Ascendex: unavailable
ARB,u,u,1.2297,1.2296,1.2299,1.2294,1.236,1.223,MEXC/GateIo: unavailable,MEXC/HUOBI: unavailable,MEXC/Ascendex: unavailable,Ask:HUOBI/Bid:GateIo: 0.024%,Ask:GateIo/Bid:Ascendex: 0.547%,Ask:HUOBI/Bid:Ascendex: 0.564%
QNT,u,u,92.82,92.76,u,u,93.66,92.24,MEXC/GateIo: unavailable,MEXC/HUOBI: unavailable,MEXC/Ascendex: unavailable,GateIo/HUOBI: unavailable,Ask:Ascendex/Bid:GateIo: 0.970%,HUOBI/Ascendex: unavailable
BNX,u,u,1.2577,1.2548,u,u,u,u,MEXC/GateIo: unavailable,MEXC/HUOBI: unavailable,MEXC/Ascendex: unavailable,GateIo/HUOBI: unavailable,GateIo/Ascendex: unavailable,HUOBI/Ascendex: unavailable
ABBC,u,u,u,u,0.01261,0.01248,u,u,MEXC/GateIo: unavailable,MEXC/HUOBI: unavailable,MEXC/Ascendex: unavailable,GateIo/HUOBI: unavailable,GateIo/Ascendex: unavailable,HUOBI/Ascendex: unavailable
DOLA,u,u,u,u,u,u,u,u,MEXC/GateIo: unavailable,MEXC/HUOBI: unavailable,MEXC/Ascendex: unavailable,GateIo/HUOBI: unavailable,GateIo/Ascendex: unavailable,HUOBI/Ascendex: unavailable
CKB,u,u,0.017426,0.017406,0.017436,0.017416,0.017442,0.017375,MEXC/GateIo: unavailable,MEXC/HUOBI: unavailable,MEXC/Ascendex: unavailable,Ask:HUOBI/Bid:GateIo: 0.172%,Ask:GateIo/Bid:Ascendex: 0.293%,Ask:HUOBI/Bid:Ascendex: 0.351%
DAO,u,u,u,u,0.7632,0.76,0.7744,0.771,MEXC/GateIo: unavailable,MEXC/HUOBI: unavailable,MEXC/Ascendex: unavailable,GateIo/HUOBI: unavailable,GateIo/Ascendex: unavailable,Ask:Ascendex/Bid:HUOBI: 1.894%
DOGE,u,u,0.168511,0.168509,0.168596,0.168585,0.1687,0.1684,MEXC/GateIo: unavailable,MEXC/HUOBI: unavailable,MEXC/Ascendex: unavailable,Ask:HUOBI/Bid:GateIo: 0.051%,Ask:Ascendex/Bid:GateIo: 0.113%,Ask:HUOBI/Bid:Ascendex: 0.116%
ATOM,u,u,8.669,8.666,8.6673,8.6606,8.6544,8.6324,MEXC/GateIo: unavailable,MEXC/HUOBI: unavailable,MEXC/Ascendex: unavailable,Ask:GateIo/Bid:HUOBI: 0.096%,Ask:GateIo/Bid:Ascendex: 0.423%,Ask:HUOBI/Bid:Ascendex: 0.404%
FXS,u,u,4.694,4.69,4.6942,4.6901,4.72,4.667,MEXC/GateIo: unavailable,MEXC/HUOBI: unavailable,MEXC/Ascendex: unavailable,Ask:HUOBI/Bid:GateIo: 0.089%,Ask:Ascendex/Bid:GateIo: 0.639%,Ask:Ascendex/Bid:HUOBI: 0.637%
XYM,u,u,0.02229,0.02187,u,u,u,u,MEXC/GateIo: unavailable,MEXC/HUOBI: unavailable,MEXC/Ascendex: unavailable,GateIo/HUOBI: unavailable,GateIo/Ascendex: unavailable,HUOBI/Ascendex: unavailable
AAVE,u,u,108.08,108.05,108.1515,108.0768,108.08,107.88,MEXC/GateIo: unavailable,MEXC/HUOBI: unavailable,MEXC/Ascendex: unavailable,Ask:HUOBI/Bid:GateIo: 0.093%,Ask:GateIo/Bid:Ascendex: 0.185%,Ask:HUOBI/Bid:Ascendex: 0.251%
OME,u,u,0.00008782,0.00008496,u,u,u,u,MEXC/GateIo: unavailable,MEXC/HUOBI: unavailable,MEXC/Ascendex: unavailable,GateIo/HUOBI: unavailable,GateIo/Ascendex: unavailable,HUOBI/Ascendex: unavailable
FLEX,u,u,u,u,u,u,1.80716,1.78916,MEXC/GateIo: unavailable,MEXC/HUOBI: unavailable,MEXC/Ascendex: unavailable,GateIo/HUOBI: unavailable,GateIo/Ascendex: unavailable,HUOBI/Ascendex: unavailable
JST,u,u,0.03132,0.03125,0.031296,0.03125,0.031351,0.031171,MEXC/GateIo: unavailable,MEXC/HUOBI: unavailable,MEXC/Ascendex: unavailable,Ask:GateIo/Bid:HUOBI: 0.224%,Ask:GateIo/Bid:Ascendex: 0.478%,Ask:HUOBI/Bid:Ascendex: 0.401%
SAND,u,u,0.4616,0.4612,0.46138,0.461133,0.462,0.4588,MEXC/GateIo: unavailable,MEXC/HUOBI: unavailable,MEXC/Ascendex: unavailable,Ask:GateIo/Bid:HUOBI: 0.101%,Ask:GateIo/Bid:Ascendex: 0.610%,Ask:HUOBI/Bid:Ascendex: 0.562%
XCH,u,u,33,32.93,32.9591,32.9001,u,u,MEXC/GateIo: unavailable,MEXC/HUOBI: unavailable,MEXC/Ascendex: unavailable,Ask:GateIo/Bid:HUOBI: 0.303%,GateIo/Ascendex: unavailable,HUOBI/Ascendex: unavailable
STETH,u,u,3872.3,3868.9,3909.96,3814.4,u,u,MEXC/GateIo: unavailable,MEXC/HUOBI: unavailable,MEXC/Ascendex: unavailable,Ask:GateIo/Bid:HUOBI: 1.517%,GateIo/Ascendex: unavailable,HUOBI/Ascendex: unavailable
GRT,u,u,0.3282,0.3278,0.328137,0.328028,0.3282,0.3276,MEXC/GateIo: unavailable,MEXC/HUOBI: unavailable,MEXC/Ascendex: unavailable,Ask:HUOBI/Bid:GateIo: 0.102%,Ask:GateIo/Bid:Ascendex: 0.183%,Ask:HUOBI/Bid:Ascendex: 0.163%
MC,u,u,u,u,u,u,u,u,MEXC/GateIo: unavailable,MEXC/HUOBI: unavailable,MEXC/Ascendex: unavailable,GateIo/HUOBI: unavailable,GateIo/Ascendex: unavailable,HUOBI/Ascendex: unavailable
BOBA,u,u,u,u,0.37832,0.37669,u,u,MEXC/GateIo: unavailable,MEXC/HUOBI: unavailable,MEXC/Ascendex: unavailable,GateIo/HUOBI: unavailable,GateIo/Ascendex: unavailable,HUOBI/Ascendex: unavailable
MULTI,u,u,0.7835,0.7794,u,u,u,u,MEXC/GateIo: unavailable,MEXC/HUOBI: unavailable,MEXC/Ascendex: unavailable,GateIo/HUOBI: unavailable,GateIo/Ascendex: unavailable,HUOBI/Ascendex: unavailable
KSM,u,u,32.78,32.74,32.8351,32.7601,u,u,MEXC/GateIo: unavailable,MEXC/HUOBI: unavailable,MEXC/Ascendex: unavailable,Ask:HUOBI/Bid:GateIo: 0.290%,GateIo/Ascendex: unavailable,HUOBI/Ascendex: unavailable
TWT,u,u,1.1205,1.1192,u,u,u,u,MEXC/GateIo: unavailable,MEXC/HUOBI: unavailable,MEXC/Ascendex: unavailable,GateIo/HUOBI: unavailable,GateIo/Ascendex: unavailable,HUOBI/Ascendex: unavailable
MLK,u,u,0.312,0.31,0.3119,0.3087,u,u,MEXC/GateIo: unavailable,MEXC/HUOBI: unavailable,MEXC/Ascendex: unavailable,Ask:GateIo/Bid:HUOBI: 1.068%,GateIo/Ascendex: unavailable,HUOBI/Ascendex: unavailable
NYM,u,u,0.16201,0.16149,0.1622,0.1613,u,u,MEXC/GateIo: unavailable,MEXC/HUOBI: unavailable,MEXC/Ascendex: unavailable,Ask:HUOBI/Bid:GateIo: 0.439%,GateIo/Ascendex: unavailable,HUOBI/Ascendex: unavailable
OHM,u,u,u,u,u,u,u,u,MEXC/GateIo: unavailable,MEXC/HUOBI: unavailable,MEXC/Ascendex: unavailable,GateIo/HUOBI: unavailable,GateIo/Ascendex: unavailable,HUOBI/Ascendex: unavailable
FLOW,u,u,0.9612,0.9605,0.9603,0.9597,u,u,MEXC/GateIo: unavailable,MEXC/HUOBI: unavailable,MEXC/Ascendex: unavailable,Ask:GateIo/Bid:HUOBI: 0.156%,GateIo/Ascendex: unavailable,HUOBI/Ascendex: unavailable
GMT,u,u,u,u,0.2399,0.2396,u,u,MEXC/GateIo: unavailable,MEXC/HUOBI: unavailable,MEXC/Ascendex: unavailable,GateIo/HUOBI: unavailable,GateIo/Ascendex: unavailable,HUOBI/Ascendex: unavailable
ETHW,u,u,3.824,3.819,3.8262,3.8252,3.848,3.808,MEXC/GateIo: unavailable,MEXC/HUOBI: unavailable,MEXC/Ascendex: unavailable,Ask:HUOBI/Bid:GateIo: 0.188%,Ask:Ascendex/Bid:GateIo: 0.759%,Ask:Ascendex/Bid:HUOBI: 0.596%
CSPR,u,u,0.02933,0.0293,0.0295,0.0293,0.0298,0.0291,MEXC/GateIo: unavailable,MEXC/HUOBI: unavailable,MEXC/Ascendex: unavailable,Ask:HUOBI/Bid:GateIo: 0.682%,Ask:Ascendex/Bid:GateIo: 1.706%,Ask:Ascendex/Bid:HUOBI: 1.706%
KAVA,u,u,0.6949,0.6939,0.6953,0.6941,0.6949,0.6933,MEXC/GateIo: unavailable,MEXC/HUOBI: unavailable,MEXC/Ascendex: unavailable,Ask:HUOBI/Bid:GateIo: 0.201%,Ask:GateIo/Bid:Ascendex: 0.230%,Ask:HUOBI/Bid:Ascendex: 0.288%
FLUX,u,u,u,u,0.9723,0.9643,u,u,MEXC/GateIo: unavailable,MEXC/HUOBI: unavailable,MEXC/Ascendex: unavailable,GateIo/HUOBI: unavailable,GateIo/Ascendex: unavailable,HUOBI/Ascendex: unavailable
DAG,u,u,0.04618,0.04606,u,u,u,u,MEXC/GateIo: unavailable,MEXC/HUOBI: unavailable,MEXC/Ascendex: unavailable,GateIo/HUOBI: unavailable,GateIo/Ascendex: unavailable,HUOBI/Ascendex: unavailable
COMP,u,u,u,u,63.19,63.09,63.4,62.8,MEXC/GateIo: unavailable,MEXC/HUOBI: unavailable,MEXC/Ascendex: unavailable,GateIo/HUOBI: unavailable,GateIo/Ascendex: unavailable,Ask:HUOBI/Bid:Ascendex: 0.621%
DEXE,u,u,12.514,12.438,12.5256,12.402,u,u,MEXC/GateIo: unavailable,MEXC/HUOBI: unavailable,MEXC/Ascendex: unavailable,Ask:GateIo/Bid:HUOBI: 0.903%,GateIo/Ascendex: unavailable,HUOBI/Ascendex: unavailable
OMI,u,u,u,u,u,u,0.0005781,0.0005678,MEXC/GateIo: unavailable,MEXC/HUOBI: unavailable,MEXC/Ascendex: unavailable,GateIo/HUOBI: unavailable,GateIo/Ascendex: unavailable,HUOBI/Ascendex: unavailable
SYN,u,u,u,u,0.8016,0.7873,u,u,MEXC/GateIo: unavailable,MEXC/HUOBI: unavailable,MEXC/Ascendex: unavailable,GateIo/HUOBI: unavailable,GateIo/Ascendex: unavailable,HUOBI/Ascendex: unavailable
GNS,u,u,u,u,3.5077,3.2076,3.296,3.256,MEXC/GateIo: unavailable,MEXC/HUOBI: unavailable,MEXC/Ascendex: unavailable,GateIo/HUOBI: unavailable,GateIo/Ascendex: unavailable,Ask:HUOBI/Bid:Ascendex: 7.730%
BAL,u,u,u,u,4.0833,4.072,u,u,MEXC/GateIo: unavailable,MEXC/HUOBI: unavailable,MEXC/Ascendex: unavailable,GateIo/HUOBI: unavailable,GateIo/Ascendex: unavailable,HUOBI/Ascendex: unavailable
RETH,u,u,u,u,u,u,u,u,MEXC/GateIo: unavailable,MEXC/HUOBI: unavailable,MEXC/Ascendex: unavailable,GateIo/HUOBI: unavailable,GateIo/Ascendex: unavailable,HUOBI/Ascendex: unavailable
CAKE,u,u,2.971,2.97,2.9769,2.9607,2.97,2.957,MEXC/GateIo: unavailable,MEXC/HUOBI: unavailable,MEXC/Ascendex: unavailable,Ask:GateIo/Bid:HUOBI: 0.347%,Ask:GateIo/Bid:Ascendex: 0.473%,Ask:HUOBI/Bid:Ascendex: 0.672%
RNDR,u,u,10.116,10.11,10.1169,10.1108,10.16,10.058,MEXC/GateIo: unavailable,MEXC/HUOBI: unavailable,MEXC/Ascendex: unavailable,Ask:HUOBI/Bid:GateIo: 0.068%,Ask:GateIo/Bid:Ascendex: 0.576%,Ask:HUOBI/Bid:Ascendex: 0.585%
ACS,u,u,0.002346,0.00234,0.002354,0.002331,u,u,MEXC/GateIo: unavailable,MEXC/HUOBI: unavailable,MEXC/Ascendex: unavailable,Ask:GateIo/Bid:HUOBI: 0.643%,GateIo/Ascendex: unavailable,HUOBI/Ascendex: unavailable
BLID,u,u,u,u,u,u,u,u,MEXC/GateIo: unavailable,MEXC/HUOBI: unavailable,MEXC/Ascendex: unavailable,GateIo/HUOBI: unavailable,GateIo/Ascendex: unavailable,HUOBI/Ascendex: unavailable
BNT,u,u,0.8419,0.8403,0.8409,0.8388,u,u,MEXC/GateIo: unavailable,MEXC/HUOBI: unavailable,MEXC/Ascendex: unavailable,Ask:GateIo/Bid:HUOBI: 0.369%,GateIo/Ascendex: unavailable,HUOBI/Ascendex: unavailable
KLAY,u,u,0.19247,0.19201,0.1924,0.1922,u,u,MEXC/GateIo: unavailable,MEXC/HUOBI: unavailable,MEXC/Ascendex: unavailable,Ask:HUOBI/Bid:GateIo: 0.203%,GateIo/Ascendex: unavailable,HUOBI/Ascendex: unavailable
HFT,u,u,u,u,0.3119,0.3115,0.3137,0.3099,MEXC/GateIo: unavailable,MEXC/HUOBI: unavailable,MEXC/Ascendex: unavailable,GateIo/HUOBI: unavailable,GateIo/Ascendex: unavailable,Ask:Ascendex/Bid:HUOBI: 0.706%
APT,u,u,9.608,9.607,9.6155,9.6075,9.688,9.542,MEXC/GateIo: unavailable,MEXC/HUOBI: unavailable,MEXC/Ascendex: unavailable,Ask:HUOBI/Bid:GateIo: 0.088%,Ask:Ascendex/Bid:GateIo: 0.843%,Ask:Ascendex/Bid:HUOBI: 0.837%
SCRT,u,u,0.4172,0.417,0.4188,0.4146,u,u,MEXC/GateIo: unavailable,MEXC/HUOBI: unavailable,MEXC/Ascendex: unavailable,Ask:GateIo/Bid:HUOBI: 0.627%,GateIo/Ascendex: unavailable,HUOBI/Ascendex: unavailable
IOTA,u,u,0.2307,0.2303,0.2486,0.2459,u,u,MEXC/GateIo: unavailable,MEXC/HUOBI: unavailable,MEXC/Ascendex: unavailable,Ask:HUOBI/Bid:GateIo: 7.946%,GateIo/Ascendex: unavailable,HUOBI/Ascendex: unavailable
TRAC,u,u,2.793,2.766,0.956,0.9455,2.799,2.778,MEXC/GateIo: unavailable,MEXC/HUOBI: unavailable,MEXC/Ascendex: unavailable,Ask:GateIo/Bid:HUOBI: 195.3%,Ask:Ascendex/Bid:GateIo: 1.193%,Ask:Ascendex/Bid:HUOBI: 196.0%
NKN,u,u,0.12253,0.12217,0.124631,0.124432,u,u,MEXC/GateIo: unavailable,MEXC/HUOBI: unavailable,MEXC/Ascendex: unavailable,Ask:HUOBI/Bid:GateIo: 2.014%,GateIo/Ascendex: unavailable,HUOBI/Ascendex: unavailable
EVMOS,u,u,0.04812,0.04767,0.048,0.0477,u,u,MEXC/GateIo: unavailable,MEXC/HUOBI: unavailable,MEXC/Ascendex: unavailable,Ask:GateIo/Bid:HUOBI: 0.880%,GateIo/Ascendex: unavailable,HUOBI/Ascendex: unavailable
BTC,69691.7,69691.6,69647.6,69647.5,69651.26,69651.25,69655.85,69633.35,Ask:MEXC/Bid:GateIo: 0.063%,Ask:MEXC/Bid:HUOBI: 0.058%,Ask:MEXC/Bid:Ascendex: 0.083%,Ask:HUOBI/Bid:GateIo: 0.005%,Ask:GateIo/Bid:Ascendex: 0.020%,Ask:HUOBI/Bid:Ascendex: 0.025%
FLOKI,u,u,0.00027708,0.00027707,0.00027725,0.00027695,0.0002665,0.0002661,MEXC/GateIo: unavailable,MEXC/HUOBI: unavailable,MEXC/Ascendex: unavailable,Ask:HUOBI/Bid:GateIo: 0.064%,Ask:GateIo/Bid:Ascendex: 4.126%,Ask:HUOBI/Bid:Ascendex: 4.190%
XIN,u,u,u,u,u,u,u,u,MEXC/GateIo: unavailable,MEXC/HUOBI: unavailable,MEXC/Ascendex: unavailable,GateIo/HUOBI: unavailable,GateIo/Ascendex: unavailable,HUOBI/Ascendex: unavailable
PEOPLE,u,u,u,u,0.08081,0.080608,u,u,MEXC/GateIo: unavailable,MEXC/HUOBI: unavailable,MEXC/Ascendex: unavailable,GateIo/HUOBI: unavailable,GateIo/Ascendex: unavailable,HUOBI/Ascendex: unavailable
DESO,u,u,20.2,20.15,20.1262,20.0203,19.98,19.77,MEXC/GateIo: unavailable,MEXC/HUOBI: unavailable,MEXC/Ascendex: unavailable,Ask:GateIo/Bid:HUOBI: 0.897%,Ask:GateIo/Bid:Ascendex: 2.175%,Ask:HUOBI/Bid:Ascendex: 1.801%
MKR,u,u,2759.47,2754.58,2759.65,2758.95,u,u,MEXC/GateIo: unavailable,MEXC/HUOBI: unavailable,MEXC/Ascendex: unavailable,Ask:HUOBI/Bid:GateIo: 0.184%,GateIo/Ascendex: unavailable,HUOBI/Ascendex: unavailable
LDO,u,u,2.4917,2.4899,2.4916,2.4885,2.5085,2.4785,MEXC/GateIo: unavailable,MEXC/HUOBI: unavailable,MEXC/Ascendex: unavailable,Ask:GateIo/Bid:HUOBI: 0.128%,Ask:Ascendex/Bid:GateIo: 0.747%,Ask:Ascendex/Bid:HUOBI: 0.803%
GMX,u,u,31.94,31.89,31.9338,31.8867,32.09,31.72,MEXC/GateIo: unavailable,MEXC/HUOBI: unavailable,MEXC/Ascendex: unavailable,Ask:GateIo/Bid:HUOBI: 0.167%,Ask:GateIo/Bid:Ascendex: 0.693%,Ask:HUOBI/Bid:Ascendex: 0.674%
CHR,u,u,0.3428,0.342,0.343045,0.342243,0.34492,0.34039,MEXC/GateIo: unavailable,MEXC/HUOBI: unavailable,MEXC/Ascendex: unavailable,Ask:HUOBI/Bid:GateIo: 0.305%,Ask:Ascendex/Bid:GateIo: 0.853%,Ask:Ascendex/Bid:HUOBI: 0.782%
ALICE,u,u,1.3101,1.3069,1.3111,1.3076,1.3186,1.2995,MEXC/GateIo: unavailable,MEXC/HUOBI: unavailable,MEXC/Ascendex: unavailable,Ask:HUOBI/Bid:GateIo: 0.321%,Ask:Ascendex/Bid:GateIo: 0.895%,Ask:HUOBI/Bid:Ascendex: 0.892%
CTSI,u,u,0.24225,0.24198,0.2427,0.2421,u,u,MEXC/GateIo: unavailable,MEXC/HUOBI: unavailable,MEXC/Ascendex: unavailable,Ask:HUOBI/Bid:GateIo: 0.297%,GateIo/Ascendex: unavailable,HUOBI/Ascendex: unavailable
MATIC,u,u,0.746,0.7457,0.74589,0.745528,0.74891,0.747365,MEXC/GateIo: unavailable,MEXC/HUOBI: unavailable,MEXC/Ascendex: unavailable,Ask:GateIo/Bid:HUOBI: 0.063%,Ask:Ascendex/Bid:GateIo: 0.430%,Ask:Ascendex/Bid:HUOBI: 0.453%
ERXETH,u,u,u,u,u,u,u,u,MEXC/GateIo: unavailable,MEXC/HUOBI: unavailable,MEXC/Ascendex: unavailable,GateIo/HUOBI: unavailable,GateIo/Ascendex: unavailable,HUOBI/Ascendex: unavailable
SC,u,u,0.007276,0.007263,0.0073,0.007254,u,u,MEXC/GateIo: unavailable,MEXC/HUOBI: unavailable,MEXC/Ascendex: unavailable,Ask:HUOBI/Bid:GateIo: 0.509%,GateIo/Ascendex: unavailable,HUOBI/Ascendex: unavailable
CRV,0.498,0.497,0.4976,0.4969,0.4976,0.4967,0.4991,0.4966,Ask:MEXC/Bid:GateIo: 0.221%,Ask:MEXC/Bid:HUOBI: 0.261%,Ask:Ascendex/Bid:MEXC: 0.422%,Ask:GateIo/Bid:HUOBI: 0.181%,Ask:Ascendex/Bid:GateIo: 0.442%,Ask:Ascendex/Bid:HUOBI: 0.483%
BNB,604.16,604.15,603.8,603.7,604.05,603.74,603.8,602.8,Ask:MEXC/Bid:GateIo: 0.076%,Ask:MEXC/Bid:HUOBI: 0.069%,Ask:MEXC/Bid:Ascendex: 0.225%,Ask:HUOBI/Bid:GateIo: 0.057%,Ask:GateIo/Bid:Ascendex: 0.165%,Ask:HUOBI/Bid:Ascendex: 0.207%
GNO,u,u,u,u,356.5175,352.8425,357.7,353.3,MEXC/GateIo: unavailable,MEXC/HUOBI: unavailable,MEXC/Ascendex: unavailable,GateIo/HUOBI: unavailable,GateIo/Ascendex: unavailable,Ask:Ascendex/Bid:HUOBI: 1.376%
XRD,u,u,0.04148,0.04147,u,u,0.04221,0.04143,MEXC/GateIo: unavailable,MEXC/HUOBI: unavailable,MEXC/Ascendex: unavailable,GateIo/HUOBI: unavailable,Ask:Ascendex/Bid:GateIo: 1.784%,HUOBI/Ascendex: unavailable
FET,u,u,2.302,2.301,2.3027,2.3004,2.30727,2.30151,MEXC/GateIo: unavailable,MEXC/HUOBI: unavailable,MEXC/Ascendex: unavailable,Ask:HUOBI/Bid:GateIo: 0.073%,Ask:Ascendex/Bid:GateIo: 0.272%,Ask:Ascendex/Bid:HUOBI: 0.298%
XEC,u,u,0.00004971,0.00004965,4.971e-05,4.967e-05,0.00004996,0.0000494,MEXC/GateIo: unavailable,MEXC/HUOBI: unavailable,MEXC/Ascendex: unavailable,Ask:HUOBI/Bid:GateIo: 0.120%,Ask:Ascendex/Bid:GateIo: 0.624%,Ask:HUOBI/Bid:Ascendex: 0.627%
SYS,u,u,0.19478,0.19338,0.1952,0.193,u,u,MEXC/GateIo: unavailable,MEXC/HUOBI: unavailable,MEXC/Ascendex: unavailable,Ask:HUOBI/Bid:GateIo: 0.941%,GateIo/Ascendex: unavailable,HUOBI/Ascendex: unavailable
ILV,u,u,90.33,90.12,u,u,u,u,MEXC/GateIo: unavailable,MEXC/HUOBI: unavailable,MEXC/Ascendex: unavailable,GateIo/HUOBI: unavailable,GateIo/Ascendex: unavailable,HUOBI/Ascendex: unavailable
OSMO,u,u,0.8701,0.8689,0.8772,0.8661,u,u,MEXC/GateIo: unavailable,MEXC/HUOBI: unavailable,MEXC/Ascendex: unavailable,Ask:HUOBI/Bid:GateIo: 0.955%,GateIo/Ascendex: unavailable,HUOBI/Ascendex: unavailable
OP,u,u,2.585,2.584,2.5853,2.5829,2.5936,2.5889,MEXC/GateIo: unavailable,MEXC/HUOBI: unavailable,MEXC/Ascendex: unavailable,Ask:GateIo/Bid:HUOBI: 0.081%,Ask:Ascendex/Bid:GateIo: 0.371%,Ask:Ascendex/Bid:HUOBI: 0.414%
POLY,u,u,u,u,u,u,u,u,MEXC/GateIo: unavailable,MEXC/HUOBI: unavailable,MEXC/Ascendex: unavailable,GateIo/HUOBI: unavailable,GateIo/Ascendex: unavailable,HUOBI/Ascendex: unavailable
MASK,u,u,3.524,3.523,3.5229,3.5181,3.545,3.5,MEXC/GateIo: unavailable,MEXC/HUOBI: unavailable,MEXC/Ascendex: unavailable,Ask:GateIo/Bid:HUOBI: 0.167%,Ask:GateIo/Bid:Ascendex: 0.685%,Ask:Ascendex/Bid:HUOBI: 0.764%
KRD,u,u,u,u,u,u,u,u,MEXC/GateIo: unavailable,MEXC/HUOBI: unavailable,MEXC/Ascendex: unavailable,GateIo/HUOBI: unavailable,GateIo/Ascendex: unavailable,HUOBI/Ascendex: unavailable
SNX,u,u,3.132,3.13,3.1327,3.1286,3.149,3.112,MEXC/GateIo: unavailable,MEXC/HUOBI: unavailable,MEXC/Ascendex: unavailable,Ask:GateIo/Bid:HUOBI: 0.108%,Ask:GateIo/Bid:Ascendex: 0.642%,Ask:HUOBI/Bid:Ascendex: 0.665%
BICO,u,u,0.5999,0.5986,0.5992,0.5981,u,u,MEXC/GateIo: unavailable,MEXC/HUOBI: unavailable,MEXC/Ascendex: unavailable,Ask:GateIo/Bid:HUOBI: 0.300%,GateIo/Ascendex: unavailable,HUOBI/Ascendex: unavailable
CFG,u,u,0.7097,0.7091,u,u,u,u,MEXC/GateIo: unavailable,MEXC/HUOBI: unavailable,MEXC/Ascendex: unavailable,GateIo/HUOBI: unavailable,GateIo/Ascendex: unavailable,HUOBI/Ascendex: unavailable
SGB,u,u,u,u,u,u,u,u,MEXC/GateIo: unavailable,MEXC/HUOBI: unavailable,MEXC/Ascendex: unavailable,GateIo/HUOBI: unavailable,GateIo/Ascendex: unavailable,HUOBI/Ascendex: unavailable
GLM,u,u,0.527,0.5264,0.5277,0.523,u,u,MEXC/GateIo: unavailable,MEXC/HUOBI: unavailable,MEXC/Ascendex: unavailable,Ask:GateIo/Bid:HUOBI: 0.764%,GateIo/Ascendex: unavailable,HUOBI/Ascendex: unavailable
YFI,u,u,u,u,7318.85,7310.01,u,u,MEXC/GateIo: unavailable,MEXC/HUOBI: unavailable,MEXC/Ascendex: unavailable,GateIo/HUOBI: unavailable,GateIo/Ascendex: unavailable,HUOBI/Ascendex: unavailable
PLA,u,u,u,u,u,u,u,u,MEXC/GateIo: unavailable,MEXC/HUOBI: unavailable,MEXC/Ascendex: unavailable,GateIo/HUOBI: unavailable,GateIo/Ascendex: unavailable,HUOBI/Ascendex: unavailable
CQT,u,u,u,u,u,u,u,u,MEXC/GateIo: unavailable,MEXC/HUOBI: unavailable,MEXC/Ascendex: unavailable,GateIo/HUOBI: unavailable,GateIo/Ascendex: unavailable,HUOBI/Ascendex: unavailable
NEAR,u,u,7.856,7.854,7.8568,7.8509,7.861,7.847,MEXC/GateIo: unavailable,MEXC/HUOBI: unavailable,MEXC/Ascendex: unavailable,Ask:GateIo/Bid:HUOBI: 0.064%,Ask:GateIo/Bid:Ascendex: 0.114%,Ask:Ascendex/Bid:HUOBI: 0.128%
ZIL,u,u,0.02504,0.02501,0.025064,0.025025,0.025042,0.024985,MEXC/GateIo: unavailable,MEXC/HUOBI: unavailable,MEXC/Ascendex: unavailable,Ask:HUOBI/Bid:GateIo: 0.215%,Ask:GateIo/Bid:Ascendex: 0.220%,Ask:HUOBI/Bid:Ascendex: 0.316%
DENT,u,u,0.0014163,0.0014138,u,u,u,u,MEXC/GateIo: unavailable,MEXC/HUOBI: unavailable,MEXC/Ascendex: unavailable,GateIo/HUOBI: unavailable,GateIo/Ascendex: unavailable,HUOBI/Ascendex: unavailable
REN,u,u,u,u,0.072467,0.072431,u,u,MEXC/GateIo: unavailable,MEXC/HUOBI: unavailable,MEXC/Ascendex: unavailable,GateIo/HUOBI: unavailable,GateIo/Ascendex: unavailable,HUOBI/Ascendex: unavailable
OMG,u,u,u,u,0.7518,0.7506,0.759,0.747,MEXC/GateIo: unavailable,MEXC/HUOBI: unavailable,MEXC/Ascendex: unavailable,GateIo/HUOBI: unavailable,GateIo/Ascendex: unavailable,Ask:Ascendex/Bid:HUOBI: 1.119%
QKC,u,u,0.012315,0.01225,u,u,u,u,MEXC/GateIo: unavailable,MEXC/HUOBI: unavailable,MEXC/Ascendex: unavailable,GateIo/HUOBI: unavailable,GateIo/Ascendex: unavailable,HUOBI/Ascendex: unavailable
SKL,u,u,u,u,0.088357,0.088245,u,u,MEXC/GateIo: unavailable,MEXC/HUOBI: unavailable,MEXC/Ascendex: unavailable,GateIo/HUOBI: unavailable,GateIo/Ascendex: unavailable,HUOBI/Ascendex: unavailable
POND,u,u,0.02423,0.02418,0.024243,0.024153,u,u,MEXC/GateIo: unavailable,MEXC/HUOBI: unavailable,MEXC/Ascendex: unavailable,Ask:GateIo/Bid:HUOBI: 0.318%,GateIo/Ascendex: unavailable,HUOBI/Ascendex: unavailable
ACH,u,u,0.03085,0.03083,0.030848,0.030804,0.03105,0.03066,MEXC/GateIo: unavailable,MEXC/HUOBI: unavailable,MEXC/Ascendex: unavailable,Ask:GateIo/Bid:HUOBI: 0.149%,Ask:Ascendex/Bid:GateIo: 0.713%,Ask:Ascendex/Bid:HUOBI: 0.798%
GALA,u,u,u,u,0.045612,0.045525,unavailable,unavailable,MEXC/GateIo: unavailable,MEXC/HUOBI: unavailable,MEXC/Ascendex: unavailable,GateIo/HUOBI: unavailable,GateIo/Ascendex: unavailable,HUOBI/Ascendex: unavailable
AVINOC,u,u,u,u,u,u,u,u,MEXC/GateIo: unavailable,MEXC/HUOBI: unavailable,MEXC/Ascendex: unavailable,GateIo/HUOBI: unavailable,GateIo/Ascendex: unavailable,HUOBI/Ascendex: unavailable
MIM,u,u,u,u,u,u,0.9815,0.9716,MEXC/GateIo: unavailable,MEXC/HUOBI: unavailable,MEXC/Ascendex: unavailable,GateIo/HUOBI: unavailable,GateIo/Ascendex: unavailable,HUOBI/Ascendex: unavailable
MDX,u,u,0.04068,0.04037,0.0413,0.0406,u,u,MEXC/GateIo: unavailable,MEXC/HUOBI: unavailable,MEXC/Ascendex: unavailable,Ask:HUOBI/Bid:GateIo: 2.303%,GateIo/Ascendex: unavailable,HUOBI/Ascendex: unavailable
ASTR,u,u,u,u,0.092446,0.092254,u,u,MEXC/GateIo: unavailable,MEXC/HUOBI: unavailable,MEXC/Ascendex: unavailable,GateIo/HUOBI: unavailable,GateIo/Ascendex: unavailable,HUOBI/Ascendex: unavailable
GLMR,u,u,0.3084,0.3076,0.3083,0.3073,u,u,MEXC/GateIo: unavailable,MEXC/HUOBI: unavailable,MEXC/Ascendex: unavailable,Ask:GateIo/Bid:HUOBI: 0.357%,GateIo/Ascendex: unavailable,HUOBI/Ascendex: unavailable
JOE,u,u,u,u,0.4961,0.4952,u,u,MEXC/GateIo: unavailable,MEXC/HUOBI: unavailable,MEXC/Ascendex: unavailable,GateIo/HUOBI: unavailable,GateIo/Ascendex: unavailable,HUOBI/Ascendex: unavailable
CEEK,u,u,0.05476,0.05455,0.0549,0.0543,u,u,MEXC/GateIo: unavailable,MEXC/HUOBI: unavailable,MEXC/Ascendex: unavailable,Ask:GateIo/Bid:HUOBI: 0.847%,GateIo/Ascendex: unavailable,HUOBI/Ascendex: unavailable
SUSHI,u,u,1.2721,1.2701,1.2715,1.2698,1.284,1.264,MEXC/GateIo: unavailable,MEXC/HUOBI: unavailable,MEXC/Ascendex: unavailable,Ask:GateIo/Bid:HUOBI: 0.181%,Ask:Ascendex/Bid:GateIo: 1.094%,Ask:Ascendex/Bid:HUOBI: 1.118%
EWT,u,u,u,u,u,u,u,u,MEXC/GateIo: unavailable,MEXC/HUOBI: unavailable,MEXC/Ascendex: unavailable,GateIo/HUOBI: unavailable,GateIo/Ascendex: unavailable,HUOBI/Ascendex: unavailable
ELF,u,u,0.5261,0.5247,0.5253,0.5243,0.52852,0.52509,MEXC/GateIo: unavailable,MEXC/HUOBI: unavailable,MEXC/Ascendex: unavailable,Ask:GateIo/Bid:HUOBI: 0.343%,Ask:Ascendex/Bid:GateIo: 0.728%,Ask:Ascendex/Bid:HUOBI: 0.804%
KAS,u,u,0.1421,0.14202,u,u,u,u,MEXC/GateIo: unavailable,MEXC/HUOBI: unavailable,MEXC/Ascendex: unavailable,GateIo/HUOBI: unavailable,GateIo/Ascendex: unavailable,HUOBI/Ascendex: unavailable
SXP,u,u,0.358,0.3573,0.3579,0.3573,u,u,MEXC/GateIo: unavailable,MEXC/HUOBI: unavailable,MEXC/Ascendex: unavailable,Ask:GateIo/Bid:HUOBI: 0.195%,GateIo/Ascendex: unavailable,HUOBI/Ascendex: unavailable
MAGIC,u,u,0.8271,0.8261,0.8271,0.8261,u,u,MEXC/GateIo: unavailable,MEXC/HUOBI: unavailable,MEXC/Ascendex: unavailable,Ask:HUOBI/Bid:GateIo: 0.121%,GateIo/Ascendex: unavailable,HUOBI/Ascendex: unavailable
HBAR,u,u,0.10693,0.10691,0.106968,0.106799,u,u,MEXC/GateIo: unavailable,MEXC/HUOBI: unavailable,MEXC/Ascendex: unavailable,Ask:GateIo/Bid:HUOBI: 0.122%,GateIo/Ascendex: unavailable,HUOBI/Ascendex: unavailable
REQ,u,u,u,u,0.145,0.1433,u,u,MEXC/GateIo: unavailable,MEXC/HUOBI: unavailable,MEXC/Ascendex: unavailable,GateIo/HUOBI: unavailable,GateIo/Ascendex: unavailable,HUOBI/Ascendex: unavailable
FXS,u,u,4.694,4.69,4.6938,4.6868,4.72,4.667,MEXC/GateIo: unavailable,MEXC/HUOBI: unavailable,MEXC/Ascendex: unavailable,Ask:GateIo/Bid:HUOBI: 0.153%,Ask:Ascendex/Bid:GateIo: 0.639%,Ask:Ascendex/Bid:HUOBI: 0.708%
WOO,u,u,0.3589,0.3584,0.35894,0.35843,0.36093,0.35664,MEXC/GateIo: unavailable,MEXC/HUOBI: unavailable,MEXC/Ascendex: unavailable,Ask:HUOBI/Bid:GateIo: 0.150%,Ask:Ascendex/Bid:GateIo: 0.705%,Ask:Ascendex/Bid:HUOBI: 0.697%
POWR,u,u,u,u,u,u,u,u,MEXC/GateIo: unavailable,MEXC/HUOBI: unavailable,MEXC/Ascendex: unavailable,GateIo/HUOBI: unavailable,GateIo/Ascendex: unavailable,HUOBI/Ascendex: unavailable
HOT,u,u,0.00249,0.002484,0.002503,0.002467,0.002504,0.002472,MEXC/GateIo: unavailable,MEXC/HUOBI: unavailable,MEXC/Ascendex: unavailable,Ask:GateIo/Bid:HUOBI: 0.932%,Ask:Ascendex/Bid:GateIo: 0.805%,Ask:Ascendex/Bid:HUOBI: 1.499%
JASMY,u,u,0.025676,0.025672,0.025696,0.025627,u,u,MEXC/GateIo: unavailable,MEXC/HUOBI: unavailable,MEXC/Ascendex: unavailable,Ask:GateIo/Bid:HUOBI: 0.191%,GateIo/Ascendex: unavailable,HUOBI/Ascendex: unavailable
AUDIO,0.2043,0.2042,0.20419,0.20396,0.2047,0.2038,u,u,Ask:MEXC/Bid:GateIo: 0.166%,Ask:HUOBI/Bid:MEXC: 0.244%,MEXC/Ascendex: unavailable,Ask:HUOBI/Bid:GateIo: 0.362%,GateIo/Ascendex: unavailable,HUOBI/Ascendex: unavailable
DGB,u,u,0.011646,0.01161,0.011679,0.01162,u,u,MEXC/GateIo: unavailable,MEXC/HUOBI: unavailable,MEXC/Ascendex: unavailable,Ask:HUOBI/Bid:GateIo: 0.594%,GateIo/Ascendex: unavailable,HUOBI/Ascendex: unavailable
BAT,u,u,0.2511,0.2506,0.2507,0.2506,0.25101,0.25029,MEXC/GateIo: unavailable,MEXC/HUOBI: unavailable,MEXC/Ascendex: unavailable,Ask:GateIo/Bid:HUOBI: 0.199%,Ask:GateIo/Bid:Ascendex: 0.323%,Ask:Ascendex/Bid:HUOBI: 0.163%
DASH,u,u,30.81,30.75,30.81,30.76,30.97,30.61,MEXC/GateIo: unavailable,MEXC/HUOBI: unavailable,MEXC/Ascendex: unavailable,Ask:HUOBI/Bid:GateIo: 0.195%,Ask:Ascendex/Bid:GateIo: 0.715%,Ask:Ascendex/Bid:HUOBI: 0.682%
ANKR,u,u,0.04622,0.04618,0.046245,0.046177,0.04653,0.046019,MEXC/GateIo: unavailable,MEXC/HUOBI: unavailable,MEXC/Ascendex: unavailable,Ask:HUOBI/Bid:GateIo: 0.140%,Ask:Ascendex/Bid:GateIo: 0.757%,Ask:Ascendex/Bid:HUOBI: 0.764%
UMA,u,u,u,u,3.5466,3.5406,u,u,MEXC/GateIo: unavailable,MEXC/HUOBI: unavailable,MEXC/Ascendex: unavailable,GateIo/HUOBI: unavailable,GateIo/Ascendex: unavailable,HUOBI/Ascendex: unavailable
LTC,85.24,85.23,85.18,85.17,85.17,85.13,85.21,85.09,Ask:MEXC/Bid:GateIo: 0.082%,Ask:MEXC/Bid:HUOBI: 0.129%,Ask:MEXC/Bid:Ascendex: 0.176%,Ask:GateIo/Bid:HUOBI: 0.058%,Ask:GateIo/Bid:Ascendex: 0.105%,Ask:Ascendex/Bid:HUOBI: 0.093%
HNT,u,u,u,u,u,u,u,u,MEXC/GateIo: unavailable,MEXC/HUOBI: unavailable,MEXC/Ascendex: unavailable,GateIo/HUOBI: unavailable,GateIo/Ascendex: unavailable,HUOBI/Ascendex: unavailable
LUNC,u,u,0.00011496,0.00011484,0.00011477,0.00011437,u,u,MEXC/GateIo: unavailable,MEXC/HUOBI: unavailable,MEXC/Ascendex: unavailable,Ask:GateIo/Bid:HUOBI: 0.515%,GateIo/Ascendex: unavailable,HUOBI/Ascendex: unavailable
BABYDOGE,u,u,0.0000000019837,0.0000000019814,1.986e-09,1.981e-09,u,u,MEXC/GateIo: unavailable,MEXC/HUOBI: unavailable,MEXC/Ascendex: unavailable,Ask:HUOBI/Bid:GateIo: 0.232%,GateIo/Ascendex: unavailable,HUOBI/Ascendex: unavailable
BLD,u,u,u,u,0.1068,0.1062,u,u,MEXC/GateIo: unavailable,MEXC/HUOBI: unavailable,MEXC/Ascendex: unavailable,GateIo/HUOBI: unavailable,GateIo/Ascendex: unavailable,HUOBI/Ascendex: unavailable
BLUR,u,u,0.447,0.4468,0.4471,0.4461,0.43679,0.4333,MEXC/GateIo: unavailable,MEXC/HUOBI: unavailable,MEXC/Ascendex: unavailable,Ask:GateIo/Bid:HUOBI: 0.201%,Ask:GateIo/Bid:Ascendex: 3.161%,Ask:HUOBI/Bid:Ascendex: 3.184%
METIS,u,u,u,u,79.0255,78.7139,79.23,78.38,MEXC/GateIo: unavailable,MEXC/HUOBI: unavailable,MEXC/Ascendex: unavailable,GateIo/HUOBI: unavailable,GateIo/Ascendex: unavailable,Ask:HUOBI/Bid:Ascendex: 0.823%
EXRD,u,u,u,u,u,u,0.04221,0.04143,MEXC/GateIo: unavailable,MEXC/HUOBI: unavailable,MEXC/Ascendex: unavailable,GateIo/HUOBI: unavailable,GateIo/Ascendex: unavailable,HUOBI/Ascendex: unavailable
ERG,u,u,1.2282,1.2253,1.2319,1.2233,u,u,MEXC/GateIo: unavailable,MEXC/HUOBI: unavailable,MEXC/Ascendex: unavailable,Ask:HUOBI/Bid:GateIo: 0.538%,GateIo/Ascendex: unavailable,HUOBI/Ascendex: unavailable
PAXG,u,u,u,u,u,u,u,u,MEXC/GateIo: unavailable,MEXC/HUOBI: unavailable,MEXC/Ascendex: unavailable,GateIo/HUOBI: unavailable,GateIo/Ascendex: unavailable,HUOBI/Ascendex: unavailable
ICX,u,u,u,u,0.2301,0.2294,u,u,MEXC/GateIo: unavailable,MEXC/HUOBI: unavailable,MEXC/Ascendex: unavailable,GateIo/HUOBI: unavailable,GateIo/Ascendex: unavailable,HUOBI/Ascendex: unavailable
CELR,u,u,u,u,u,u,u,u,MEXC/GateIo: unavailable,MEXC/HUOBI: unavailable,MEXC/Ascendex: unavailable,GateIo/HUOBI: unavailable,GateIo/Ascendex: unavailable,HUOBI/Ascendex: unavailable
CANTO,u,u,0.19224,0.19178,u,u,u,u,MEXC/GateIo: unavailable,MEXC/HUOBI: unavailable,MEXC/Ascendex: unavailable,GateIo/HUOBI: unavailable,GateIo/Ascendex: unavailable,HUOBI/Ascendex: unavailable
TFUEL,u,u,u,u,u,u,u,u,MEXC/GateIo: unavailable,MEXC/HUOBI: unavailable,MEXC/Ascendex: unavailable,GateIo/HUOBI: unavailable,GateIo/Ascendex: unavailable,HUOBI/Ascendex: unavailable
MINA,u,u,0.8811,0.88,0.8815,0.8798,u,u,MEXC/GateIo: unavailable,MEXC/HUOBI: unavailable,MEXC/Ascendex: unavailable,Ask:HUOBI/Bid:GateIo: 0.170%,GateIo/Ascendex: unavailable,HUOBI/Ascendex: unavailable
MBOX,u,u,u,u,0.3433,0.341,u,u,MEXC/GateIo: unavailable,MEXC/HUOBI: unavailable,MEXC/Ascendex: unavailable,GateIo/HUOBI: unavailable,GateIo/Ascendex: unavailable,HUOBI/Ascendex: unavailable
DERO,u,u,u,u,u,u,u,u,MEXC/GateIo: unavailable,MEXC/HUOBI: unavailable,MEXC/Ascendex: unavailable,GateIo/HUOBI: unavailable,GateIo/Ascendex: unavailable,HUOBI/Ascendex: unavailable
SFP,u,u,u,u,u,u,0.8384,0.8291,MEXC/GateIo: unavailable,MEXC/HUOBI: unavailable,MEXC/Ascendex: unavailable,GateIo/HUOBI: unavailable,GateIo/Ascendex: unavailable,HUOBI/Ascendex: unavailable
KNC,u,u,0.7,0.6987,0.7008,0.6985,u,u,MEXC/GateIo: unavailable,MEXC/HUOBI: unavailable,MEXC/Ascendex: unavailable,Ask:HUOBI/Bid:GateIo: 0.300%,GateIo/Ascendex: unavailable,HUOBI/Ascendex: unavailable
AXS,u,u,7.928,7.92,7.9291,7.9174,7.97,7.88,MEXC/GateIo: unavailable,MEXC/HUOBI: unavailable,MEXC/Ascendex: unavailable,Ask:GateIo/Bid:HUOBI: 0.133%,Ask:Ascendex/Bid:GateIo: 0.631%,Ask:Ascendex/Bid:HUOBI: 0.664%
COTI,u,u,0.13609,0.13591,0.1349,0.1341,0.1367,0.13527,MEXC/GateIo: unavailable,MEXC/HUOBI: unavailable,MEXC/Ascendex: unavailable,Ask:GateIo/Bid:HUOBI: 1.483%,Ask:GateIo/Bid:Ascendex: 0.606%,Ask:Ascendex/Bid:HUOBI: 1.938%
ZRX,u,u,0.5604,0.5597,0.5604,0.5595,0.55989,0.55845,MEXC/GateIo: unavailable,MEXC/HUOBI: unavailable,MEXC/Ascendex: unavailable,Ask:GateIo/Bid:HUOBI: 0.160%,Ask:GateIo/Bid:Ascendex: 0.349%,Ask:HUOBI/Bid:Ascendex: 0.349%
GLR,u,u,u,u,u,u,u,u,MEXC/GateIo: unavailable,MEXC/HUOBI: unavailable,MEXC/Ascendex: unavailable,GateIo/HUOBI: unavailable,GateIo/Ascendex: unavailable,HUOBI/Ascendex: unavailable
WAXL,u,u,u,u,0.97044,0.96148,u,u,MEXC/GateIo: unavailable,MEXC/HUOBI: unavailable,MEXC/Ascendex: unavailable,GateIo/HUOBI: unavailable,GateIo/Ascendex: unavailable,HUOBI/Ascendex: unavailable
VTHO,u,u,u,u,u,u,u,u,MEXC/GateIo: unavailable,MEXC/HUOBI: unavailable,MEXC/Ascendex: unavailable,GateIo/HUOBI: unavailable,GateIo/Ascendex: unavailable,HUOBI/Ascendex: unavailable
MBX,u,u,u,u,0.8549,0.8492,u,u,MEXC/GateIo: unavailable,MEXC/HUOBI: unavailable,MEXC/Ascendex: unavailable,GateIo/HUOBI: unavailable,GateIo/Ascendex: unavailable,HUOBI/Ascendex: unavailable
ENJ,u,u,0.3803,0.3798,0.3804,0.3798,0.3824,0.3778,MEXC/GateIo: unavailable,MEXC/HUOBI: unavailable,MEXC/Ascendex: unavailable,Ask:HUOBI/Bid:GateIo: 0.157%,Ask:Ascendex/Bid:GateIo: 0.684%,Ask:Ascendex/Bid:HUOBI: 0.684%
UOS,u,u,u,u,0.1735,0.1722,0.17245,0.1702,MEXC/GateIo: unavailable,MEXC/HUOBI: unavailable,MEXC/Ascendex: unavailable,GateIo/HUOBI: unavailable,GateIo/Ascendex: unavailable,Ask:HUOBI/Bid:Ascendex: 1.938%
XTZ,u,u,0.9989,0.9983,0.9988,0.9975,0.999,0.9959,MEXC/GateIo: unavailable,MEXC/HUOBI: unavailable,MEXC/Ascendex: unavailable,Ask:GateIo/Bid:HUOBI: 0.140%,Ask:GateIo/Bid:Ascendex: 0.301%,Ask:HUOBI/Bid:Ascendex: 0.291%
XDC,u,u,0.03556,0.03549,0.035721,0.03558,u,u,MEXC/GateIo: unavailable,MEXC/HUOBI: unavailable,MEXC/Ascendex: unavailable,Ask:HUOBI/Bid:GateIo: 0.650%,GateIo/Ascendex: unavailable,HUOBI/Ascendex: unavailable
BDX,u,u,0.03326,0.03325,u,u,u,u,MEXC/GateIo: unavailable,MEXC/HUOBI: unavailable,MEXC/Ascendex: unavailable,GateIo/HUOBI: unavailable,GateIo/Ascendex: unavailable,HUOBI/Ascendex: unavailable
CFX,u,u,0.2268,0.2266,u,u,u,u,MEXC/GateIo: unavailable,MEXC/HUOBI: unavailable,MEXC/Ascendex: unavailable,GateIo/HUOBI: unavailable,GateIo/Ascendex: unavailable,HUOBI/Ascendex: unavailable
APPI3,u,u,u,u,u,u,u,u,MEXC/GateIo: unavailable,MEXC/HUOBI: unavailable,MEXC/Ascendex: unavailable,GateIo/HUOBI: unavailable,GateIo/Ascendex: unavailable,HUOBI/Ascendex: unavailable
CWEB,u,u,u,u,u,u,u,u,MEXC/GateIo: unavailable,MEXC/HUOBI: unavailable,MEXC/Ascendex: unavailable,GateIo/HUOBI: unavailable,GateIo/Ascendex: unavailable,HUOBI/Ascendex: unavailable
POLYX,u,u,u,u,0.4491,0.4485,u,u,MEXC/GateIo: unavailable,MEXC/HUOBI: unavailable,MEXC/Ascendex: unavailable,GateIo/HUOBI: unavailable,GateIo/Ascendex: unavailable,HUOBI/Ascendex: unavailable
XNO,u,u,u,u,0.000164,0.000163,u,u,MEXC/GateIo: unavailable,MEXC/HUOBI: unavailable,MEXC/Ascendex: unavailable,GateIo/HUOBI: unavailable,GateIo/Ascendex: unavailable,HUOBI/Ascendex: unavailable
PHA,u,u,u,u,0.19361,0.192782,u,u,MEXC/GateIo: unavailable,MEXC/HUOBI: unavailable,MEXC/Ascendex: unavailable,GateIo/HUOBI: unavailable,GateIo/Ascendex: unavailable,HUOBI/Ascendex: unavailable
RBN,u,u,0.9251,0.9235,u,u,u,u,MEXC/GateIo: unavailable,MEXC/HUOBI: unavailable,MEXC/Ascendex: unavailable,GateIo/HUOBI: unavailable,GateIo/Ascendex: unavailable,HUOBI/Ascendex: unavailable
ETH,3890.99,3890.98,3888.51,3888.5,3889.09,3889.08,3889.28,3887.98,Ask:MEXC/Bid:GateIo: 0.064%,Ask:MEXC/Bid:HUOBI: 0.049%,Ask:MEXC/Bid:Ascendex: 0.077%,Ask:HUOBI/Bid:GateIo: 0.015%,Ask:Ascendex/Bid:GateIo: 0.020%,Ask:HUOBI/Bid:Ascendex: 0.028%
RIF,u,u,0.16373,0.16339,u,u,u,u,MEXC/GateIo: unavailable,MEXC/HUOBI: unavailable,MEXC/Ascendex: unavailable,GateIo/HUOBI: unavailable,GateIo/Ascendex: unavailable,HUOBI/Ascendex: unavailable
NEXO,u,u,1.4548,1.4515,1.4617,1.4475,u,u,MEXC/GateIo: unavailable,MEXC/HUOBI: unavailable,MEXC/Ascendex: unavailable,Ask:HUOBI/Bid:GateIo: 0.702%,GateIo/Ascendex: unavailable,HUOBI/Ascendex: unavailable
KUJI,u,u,u,u,u,u,u,u,MEXC/GateIo: unavailable,MEXC/HUOBI: unavailable,MEXC/Ascendex: unavailable,GateIo/HUOBI: unavailable,GateIo/Ascendex: unavailable,HUOBI/Ascendex: unavailable
EVER,u,u,u,u,0.053785,0.052302,u,u,MEXC/GateIo: unavailable,MEXC/HUOBI: unavailable,MEXC/Ascendex: unavailable,GateIo/HUOBI: unavailable,GateIo/Ascendex: unavailable,HUOBI/Ascendex: unavailable
IMX,u,u,2.41,2.407,2.4086,2.4074,2.4118,2.4032,MEXC/GateIo: unavailable,MEXC/HUOBI: unavailable,MEXC/Ascendex: unavailable,Ask:GateIo/Bid:HUOBI: 0.108%,Ask:GateIo/Bid:Ascendex: 0.282%,Ask:HUOBI/Bid:Ascendex: 0.224%
BTT,u,u,0.0000012113,0.0000012063,1.2096e-06,1.207e-06,0.0000012016,0.0000011945,MEXC/GateIo: unavailable,MEXC/HUOBI: unavailable,MEXC/Ascendex: unavailable,Ask:GateIo/Bid:HUOBI: 0.356%,Ask:GateIo/Bid:Ascendex: 1.406%,Ask:HUOBI/Bid:Ascendex: 1.264%
CELO,u,u,u,u,0.8926,0.8909,u,u,MEXC/GateIo: unavailable,MEXC/HUOBI: unavailable,MEXC/Ascendex: unavailable,GateIo/HUOBI: unavailable,GateIo/Ascendex: unavailable,HUOBI/Ascendex: unavailable
KEEP,u,u,u,u,u,u,u,u,MEXC/GateIo: unavailable,MEXC/HUOBI: unavailable,MEXC/Ascendex: unavailable,GateIo/HUOBI: unavailable,GateIo/Ascendex: unavailable,HUOBI/Ascendex: unavailable
ALGO,u,u,0.19573,0.19569,0.1959,0.1956,0.1966,0.1961,MEXC/GateIo: unavailable,MEXC/HUOBI: unavailable,MEXC/Ascendex: unavailable,Ask:HUOBI/Bid:GateIo: 0.107%,Ask:Ascendex/Bid:GateIo: 0.465%,Ask:Ascendex/Bid:HUOBI: 0.511%
ALICE,u,u,1.3101,1.3069,1.3111,1.3076,1.3186,1.2995,MEXC/GateIo: unavailable,MEXC/HUOBI: unavailable,MEXC/Ascendex: unavailable,Ask:HUOBI/Bid:GateIo: 0.321%,Ask:Ascendex/Bid:GateIo: 0.895%,Ask:HUOBI/Bid:Ascendex: 0.892%
RLC,u,u,u,u,3.1711,3.1627,u,u,MEXC/GateIo: unavailable,MEXC/HUOBI: unavailable,MEXC/Ascendex: unavailable,GateIo/HUOBI: unavailable,GateIo/Ascendex: unavailable,HUOBI/Ascendex: unavailable
DUSK,u,u,u,u,0.4084,0.4078,0.40872,0.4075,MEXC/GateIo: unavailable,MEXC/HUOBI: unavailable,MEXC/Ascendex: unavailable,GateIo/HUOBI: unavailable,GateIo/Ascendex: unavailable,Ask:Ascendex/Bid:HUOBI: 0.225%
SNT,u,u,u,u,0.037871,0.03731,u,u,MEXC/GateIo: unavailable,MEXC/HUOBI: unavailable,MEXC/Ascendex: unavailable,GateIo/HUOBI: unavailable,GateIo/Ascendex: unavailable,HUOBI/Ascendex: unavailable
CVC,u,u,u,u,0.1659,0.1655,u,u,MEXC/GateIo: unavailable,MEXC/HUOBI: unavailable,MEXC/Ascendex: unavailable,GateIo/HUOBI: unavailable,GateIo/Ascendex: unavailable,HUOBI/Ascendex: unavailable
MSOL,u,u,202.12,201.15,u,u,u,u,MEXC/GateIo: unavailable,MEXC/HUOBI: unavailable,MEXC/Ascendex: unavailable,GateIo/HUOBI: unavailable,GateIo/Ascendex: unavailable,HUOBI/Ascendex: unavailable
STIK,u,u,u,u,u,u,u,u,MEXC/GateIo: unavailable,MEXC/HUOBI: unavailable,MEXC/Ascendex: unavailable,GateIo/HUOBI: unavailable,GateIo/Ascendex: unavailable,HUOBI/Ascendex: unavailable
STRAX,u,u,u,u,u,u,u,u,MEXC/GateIo: unavailable,MEXC/HUOBI: unavailable,MEXC/Ascendex: unavailable,GateIo/HUOBI: unavailable,GateIo/Ascendex: unavailable,HUOBI/Ascendex: unavailable
WCFG,u,u,u,u,u,u,u,u,MEXC/GateIo: unavailable,MEXC/HUOBI: unavailable,MEXC/Ascendex: unavailable,GateIo/HUOBI: unavailable,GateIo/Ascendex: unavailable,HUOBI/Ascendex: unavailable
WIN,u,u,u,u,0.00012079,0.00012051,0.0001217,0.0001197,MEXC/GateIo: unavailable,MEXC/HUOBI: unavailable,MEXC/Ascendex: unavailable,GateIo/HUOBI: unavailable,GateIo/Ascendex: unavailable,Ask:Ascendex/Bid:HUOBI: 0.987%
HOOK,u,u,u,u,u,u,0.9252,0.9152,MEXC/GateIo: unavailable,MEXC/HUOBI: unavailable,MEXC/Ascendex: unavailable,GateIo/HUOBI: unavailable,GateIo/Ascendex: unavailable,HUOBI/Ascendex: unavailable
HUNT,u,u,u,u,0.434,0.4266,u,u,MEXC/GateIo: unavailable,MEXC/HUOBI: unavailable,MEXC/Ascendex: unavailable,GateIo/HUOBI: unavailable,GateIo/Ascendex: unavailable,HUOBI/Ascendex: unavailable
HEZ,u,u,u,u,u,u,u,u,MEXC/GateIo: unavailable,MEXC/HUOBI: unavailable,MEXC/Ascendex: unavailable,GateIo/HUOBI: unavailable,GateIo/Ascendex: unavailable,HUOBI/Ascendex: unavailable
IOST,u,u,u,u,0.009104,0.009085,0.009175,0.009016,MEXC/GateIo: unavailable,MEXC/HUOBI: unavailable,MEXC/Ascendex: unavailable,GateIo/HUOBI: unavailable,GateIo/Ascendex: unavailable,Ask:Ascendex/Bid:HUOBI: 0.990%
SFM,u,u,u,u,u,u,u,u,MEXC/GateIo: unavailable,MEXC/HUOBI: unavailable,MEXC/Ascendex: unavailable,GateIo/HUOBI: unavailable,GateIo/Ascendex: unavailable,HUOBI/Ascendex: unavailable
ENS,u,u,u,u,25.0676,25.054,u,u,MEXC/GateIo: unavailable,MEXC/HUOBI: unavailable,MEXC/Ascendex: unavailable,GateIo/HUOBI: unavailable,GateIo/Ascendex: unavailable,HUOBI/Ascendex: unavailable
RDNT,u,u,u,u,0.1982,0.1945,0.19507,0.19263,MEXC/GateIo: unavailable,MEXC/HUOBI: unavailable,MEXC/Ascendex: unavailable,GateIo/HUOBI: unavailable,GateIo/Ascendex: unavailable,Ask:HUOBI/Bid:Ascendex: 2.891%
ANT,u,u,u,u,9.7806,9.69,u,u,MEXC/GateIo: unavailable,MEXC/HUOBI: unavailable,MEXC/Ascendex: unavailable,GateIo/HUOBI: unavailable,GateIo/Ascendex: unavailable,HUOBI/Ascendex: unavailable
RAD,u,u,u,u,1.7337,1.7064,u,u,MEXC/GateIo: unavailable,MEXC/HUOBI: unavailable,MEXC/Ascendex: unavailable,GateIo/HUOBI: unavailable,GateIo/Ascendex: unavailable,HUOBI/Ascendex: unavailable
MED,u,u,u,u,u,u,u,u,MEXC/GateIo: unavailable,MEXC/HUOBI: unavailable,MEXC/Ascendex: unavailable,GateIo/HUOBI: unavailable,GateIo/Ascendex: unavailable,HUOBI/Ascendex: unavailable
LPT,u,u,21.204,21.193,21.1732,21.1423,u,u,MEXC/GateIo: unavailable,MEXC/HUOBI: unavailable,MEXC/Ascendex: unavailable,Ask:GateIo/Bid:HUOBI: 0.291%,GateIo/Ascendex: unavailable,HUOBI/Ascendex: unavailable
GTC,u,u,u,u,u,u,u,u,MEXC/GateIo: unavailable,MEXC/HUOBI: unavailable,MEXC/Ascendex: unavailable,GateIo/HUOBI: unavailable,GateIo/Ascendex: unavailable,HUOBI/Ascendex: unavailable
TOMO,u,u,u,u,u,u,u,u,MEXC/GateIo: unavailable,MEXC/HUOBI: unavailable,MEXC/Ascendex: unavailable,GateIo/HUOBI: unavailable,GateIo/Ascendex: unavailable,HUOBI/Ascendex: unavailable
DOT,u,u,7.628,7.627,7.6303,7.6255,7.6595,7.64,MEXC/GateIo: unavailable,MEXC/HUOBI: unavailable,MEXC/Ascendex: unavailable,Ask:HUOBI/Bid:GateIo: 0.043%,Ask:Ascendex/Bid:GateIo: 0.426%,Ask:Ascendex/Bid:HUOBI: 0.445%
GAL,u,u,u,u,3.9841,3.965,4,3.954,MEXC/GateIo: unavailable,MEXC/HUOBI: unavailable,MEXC/Ascendex: unavailable,GateIo/HUOBI: unavailable,GateIo/Ascendex: unavailable,Ask:Ascendex/Bid:HUOBI: 0.882%
MOB,u,u,0.09423,0.09416,u,u,u,u,MEXC/GateIo: unavailable,MEXC/HUOBI: unavailable,MEXC/Ascendex: unavailable,GateIo/HUOBI: unavailable,GateIo/Ascendex: unavailable,HUOBI/Ascendex: unavailable
LRC,u,u,0.2814,0.281,0.2813,0.2809,0.2828,0.2795,MEXC/GateIo: unavailable,MEXC/HUOBI: unavailable,MEXC/Ascendex: unavailable,Ask:GateIo/Bid:HUOBI: 0.177%,Ask:GateIo/Bid:Ascendex: 0.679%,Ask:Ascendex/Bid:HUOBI: 0.676%
XLM,0.11043,0.11042,0.11042,0.1103,0.11042,0.110298,0.11135,0.10955,Ask:MEXC/Bid:GateIo: 0.117%,Ask:MEXC/Bid:HUOBI: 0.119%,Ask:Ascendex/Bid:MEXC: 0.842%,Ask:GateIo/Bid:HUOBI: 0.110%,Ask:Ascendex/Bid:GateIo: 0.951%,Ask:Ascendex/Bid:HUOBI: 0.953%
ARDR,u,u,u,u,0.1046,0.1043,u,u,MEXC/GateIo: unavailable,MEXC/HUOBI: unavailable,MEXC/Ascendex: unavailable,GateIo/HUOBI: unavailable,GateIo/Ascendex: unavailable,HUOBI/Ascendex: unavailable
SLP,u,u,0.003978,0.003972,u,u,u,u,MEXC/GateIo: unavailable,MEXC/HUOBI: unavailable,MEXC/Ascendex: unavailable,GateIo/HUOBI: unavailable,GateIo/Ascendex: unavailable,HUOBI/Ascendex: unavailable
LYXE,u,u,u,u,u,u,u,u,MEXC/GateIo: unavailable,MEXC/HUOBI: unavailable,MEXC/Ascendex: unavailable,GateIo/HUOBI: unavailable,GateIo/Ascendex: unavailable,HUOBI/Ascendex: unavailable
IOTX,u,u,0.05655,0.0565,0.056591,0.05639,u,u,MEXC/GateIo: unavailable,MEXC/HUOBI: unavailable,MEXC/Ascendex: unavailable,Ask:GateIo/Bid:HUOBI: 0.283%,GateIo/Ascendex: unavailable,HUOBI/Ascendex: unavailable
IQ,u,u,0.00985,0.00984,u,u,u,u,MEXC/GateIo: unavailable,MEXC/HUOBI: unavailable,MEXC/Ascendex: unavailable,GateIo/HUOBI: unavailable,GateIo/Ascendex: unavailable,HUOBI/Ascendex: unavailable
HIVE,u,u,u,u,0.3224,0.319,u,u,MEXC/GateIo: unavailable,MEXC/HUOBI: unavailable,MEXC/Ascendex: unavailable,GateIo/HUOBI: unavailable,GateIo/Ascendex: unavailable,HUOBI/Ascendex: unavailable
AMP,u,u,u,u,0.007052,0.007025,u,u,MEXC/GateIo: unavailable,MEXC/HUOBI: unavailable,MEXC/Ascendex: unavailable,GateIo/HUOBI: unavailable,GateIo/Ascendex: unavailable,HUOBI/Ascendex: unavailable
NEO,15.906,15.905,15.91,15.89,15.91,15.89,15.88,15.856,Ask:MEXC/Bid:GateIo: 0.100%,Ask:MEXC/Bid:HUOBI: 0.100%,Ask:MEXC/Bid:Ascendex: 0.315%,Ask:HUOBI/Bid:GateIo: 0.125%,Ask:GateIo/Bid:Ascendex: 0.340%,Ask:HUOBI/Bid:Ascendex: 0.340%
XEM,u,u,0.03839,0.03828,0.0384,0.0382,0.0384,0.03814,MEXC/GateIo: unavailable,MEXC/HUOBI: unavailable,MEXC/Ascendex: unavailable,Ask:GateIo/Bid:HUOBI: 0.497%,Ask:GateIo/Bid:Ascendex: 0.655%,Ask:HUOBI/Bid:Ascendex: 0.681%
TOMI,u,u,u,u,0.423,0.422,u,u,MEXC/GateIo: unavailable,MEXC/HUOBI: unavailable,MEXC/Ascendex: unavailable,GateIo/HUOBI: unavailable,GateIo/Ascendex: unavailable,HUOBI/Ascendex: unavailable
BFC,u,u,u,u,0.06099,0.0599,u,u,MEXC/GateIo: unavailable,MEXC/HUOBI: unavailable,MEXC/Ascendex: unavailable,GateIo/HUOBI: unavailable,GateIo/Ascendex: unavailable,HUOBI/Ascendex: unavailable
T,u,u,u,u,0.0377,0.0375,u,u,MEXC/GateIo: unavailable,MEXC/HUOBI: unavailable,MEXC/Ascendex: unavailable,GateIo/HUOBI: unavailable,GateIo/Ascendex: unavailable,HUOBI/Ascendex: unavailable
QTUM,u,u,u,u,3.8139,3.8106,3.8156,3.8057,MEXC/GateIo: unavailable,MEXC/HUOBI: unavailable,MEXC/Ascendex: unavailable,GateIo/HUOBI: unavailable,GateIo/Ascendex: unavailable,Ask:HUOBI/Bid:Ascendex: 0.215%
NMR,u,u,29.89,29.82,u,u,u,u,MEXC/GateIo: unavailable,MEXC/HUOBI: unavailable,MEXC/Ascendex: unavailable,GateIo/HUOBI: unavailable,GateIo/Ascendex: unavailable,HUOBI/Ascendex: unavailable
AR,u,u,40.38,40.37,40.4046,40.3509,u,u,MEXC/GateIo: unavailable,MEXC/HUOBI: unavailable,MEXC/Ascendex: unavailable,Ask:HUOBI/Bid:GateIo: 0.085%,GateIo/Ascendex: unavailable,HUOBI/Ascendex: unavailable
CHZ,u,u,0.13591,0.1359,0.135976,0.135847,0.136559,0.135151,MEXC/GateIo: unavailable,MEXC/HUOBI: unavailable,MEXC/Ascendex: unavailable,Ask:HUOBI/Bid:GateIo: 0.055%,Ask:GateIo/Bid:Ascendex: 0.561%,Ask:HUOBI/Bid:Ascendex: 0.610%
ID,u,u,u,u,0.76,0.7568,0.7589,0.7582,MEXC/GateIo: unavailable,MEXC/HUOBI: unavailable,MEXC/Ascendex: unavailable,GateIo/HUOBI: unavailable,GateIo/Ascendex: unavailable,Ask:Ascendex/Bid:HUOBI: 0.277%
